lexical_density,avg_sentence_length,dep_distance,tree_depth,polysemy,label
0.4838709677419355,19.19047619047619,3.8185404339250493,7.0,8.096666666666666,easy
0.502262443438914,20.09090909090909,3.3214285714285716,6.590909090909091,8.144200626959247,easy
0.47921225382932164,17.576923076923077,2.937618147448015,6.5,8.961424332344214,easy
0.5072765072765073,20.91304347826087,3.0440613026819925,6.956521739130435,9.225071225071225,easy
0.4043583535108959,19.666666666666668,3.0631808278867103,7.0,8.26056338028169,easy
0.532033426183844,19.944444444444443,3.3674418604651164,7.166666666666667,9.329457364341085,easy
0.4858490566037736,14.454545454545455,2.9947159841479523,5.295454545454546,8.1137339055794,easy
0.4649122807017544,18.387096774193548,3.3173374613003097,6.548387096774194,7.610208816705336,easy
0.5176767676767676,18.857142857142858,2.963675213675214,7.380952380952381,9.324909747292418,easy
0.4822064056939502,17.5625,2.9909228441754916,6.1875,7.855072463768116,easy
0.5146443514644351,20.782608695652176,3.227027027027027,7.217391304347826,7.237288135593221,easy
0.548,17.24137931034483,2.847750865051903,5.9655172413793105,8.150127226463104,easy
0.4945945945945946,19.473684210526315,3.13189448441247,6.2631578947368425,8.377697841726619,easy
0.4573804573804574,20.91304347826087,3.599644128113879,7.565217391304348,8.212389380530974,easy
0.4635108481262327,17.482758620689655,2.9503424657534247,6.241379310344827,10.2,easy
0.47266313932980597,16.676470588235293,3.445925925925926,6.470588235294118,8.582568807339449,easy
0.4578696343402226,14.627906976744185,2.863572433192686,5.790697674418604,7.550106609808102,easy
0.5110062893081762,15.142857142857142,3.147496617050068,5.476190476190476,8.29957805907173,easy
0.45871559633027525,16.76923076923077,3.1852551984877127,5.884615384615385,7.743119266055046,easy
0.5130434782608696,17.424242424242426,3.036106750392465,6.121212121212121,8.248792270531402,easy
0.4156050955414013,16.526315789473685,2.972857142857143,6.2631578947368425,8.92255125284738,easy
0.4833887043189369,14.333333333333334,2.9958734525447044,5.476190476190476,9.476297968397292,easy
0.5338345864661654,19.95,3.3141025641025643,6.95,7.165584415584416,easy
0.5225903614457831,12.76923076923077,2.984,5.019230769230769,8.93579766536965,easy
0.45707070707070707,15.84,3.203125,5.8,8.812734082397004,easy
0.4923747276688453,15.3,2.8743169398907105,5.9,9.217142857142857,easy
0.4510108864696734,16.92105263157895,3.118131868131868,6.105263157894737,7.795045045045045,easy
0.5058823529411764,17.5,3.0384615384615383,6.352941176470588,6.99781181619256,easy
0.5408653846153846,19.80952380952381,2.937888198757764,7.190476190476191,7.194078947368421,easy
0.4117647058823529,13.26,2.719736842105263,5.28,8.261702127659575,easy
0.48519736842105265,13.217391304347826,2.835904628330996,5.173913043478261,7.771551724137931,easy
0.46494464944649444,18.066666666666666,3.198697068403909,6.266666666666667,8.216931216931217,easy
0.4522184300341297,17.235294117647058,3.1981981981981984,6.352941176470588,7.375903614457831,easy
0.47874015748031495,18.676470588235293,3.08298755186722,6.4411764705882355,8.443254817987151,easy
0.5,16.23076923076923,3.1454545454545455,5.615384615384615,7.749206349206349,easy
0.4651539708265802,16.675675675675677,3.0236111111111112,6.1891891891891895,8.12227074235808,easy
0.44556451612903225,18.37037037037037,3.1631205673758864,6.222222222222222,7.862857142857143,easy
0.5677083333333334,14.222222222222221,3.2101313320825517,5.333333333333333,8.043771043771043,easy
0.37890625,17.066666666666666,3.1133004926108376,6.133333333333334,7.75975975975976,easy
0.49891540130151846,13.969696969696969,2.7490421455938696,5.818181818181818,9.165217391304347,easy
0.46943231441048033,19.083333333333332,3.0152091254752853,6.708333333333333,7.5576923076923075,easy
0.4973544973544973,18.9,3.1954022988505746,6.2,7.838129496402877,easy
0.41594827586206895,16.571428571428573,2.9290780141843973,6.178571428571429,7.476470588235294,easy
0.5171026156941649,16.566666666666666,2.757042253521127,6.7,8.135897435897435,easy
0.4664764621968616,14.604166666666666,3.1827706635622817,5.166666666666667,8.505070993914808,easy
0.43983402489626555,16.620689655172413,2.9889502762430937,6.310344827586207,7.8408408408408405,easy
0.4524236983842011,22.28,3.188180404354588,7.72,7.782608695652174,easy
0.41956521739130437,18.4,3.2782931354359928,6.48,8.427652733118972,easy
0.5163147792706334,20.84,2.9720853858784895,6.76,8.33838383838384,easy
0.4364406779661017,20.52173913043478,3.1361058601134215,6.913043478260869,8.587719298245615,easy
0.3919354838709677,15.5,3.410041841004184,5.425,7.864628820960698,easy
0.40380549682875266,15.258064516129032,2.9592592592592593,6.0,6.868347338935574,easy
0.514820592823713,16.435897435897434,2.954607977991747,6.487179487179487,8.684563758389261,easy
0.4563953488372093,19.11111111111111,3.4296875,6.444444444444445,8.508,easy
0.4666666666666667,15.0,3.2158940397350992,5.636363636363637,10.681528662420382,easy
0.4666666666666667,15.0,3.2158940397350992,5.636363636363637,10.681528662420382,easy
0.47324414715719065,16.16216216216216,2.8078078078078077,6.162162162162162,7.96875,easy
0.4873096446700508,20.736842105263158,3.1978494623655913,7.105263157894737,8.871886120996441,easy
0.527114967462039,13.969696969696969,2.7347740667976423,5.575757575757576,7.876132930513595,easy
0.45925925925925926,19.285714285714285,3.060416666666667,6.238095238095238,8.887755102040817,easy
0.49640287769784175,15.444444444444445,2.907232704402516,5.277777777777778,8.388625592417062,easy
0.541015625,16.0,2.919795221843003,6.09375,7.108527131782946,easy
0.4604051565377532,17.516129032258064,3.1706924315619966,6.129032258064516,7.1757105943152455,easy
0.42857142857142855,14.25925925925926,2.798206278026906,5.296296296296297,7.940959409594096,easy
0.525328330206379,17.193548387096776,3.2088607594936707,6.354838709677419,7.207594936708861,easy
0.4081272084805654,15.722222222222221,3.06,5.75,7.739130434782608,easy
0.519134775374376,15.81578947368421,2.991253644314869,5.894736842105263,9.26896551724138,easy
0.4888888888888889,14.0625,3.048821548821549,5.9375,9.126470588235295,easy
0.5083333333333333,20.869565217391305,3.05984555984556,6.956521739130435,9.245714285714286,easy
0.5481927710843374,16.6,3.1174899866488652,6.55,8.157676348547717,easy
0.4732142857142857,14.0,2.9115479115479115,5.833333333333333,8.65677966101695,easy
0.4733606557377049,21.217391304347824,3.140221402214022,7.217391304347826,8.68421052631579,easy
0.49731182795698925,14.307692307692308,2.8271028037383177,5.461538461538462,9.599264705882353,easy
0.4646153846153846,19.11764705882353,3.795,6.647058823529412,8.517699115044248,easy
0.48131868131868133,16.85185185185185,2.777351247600768,6.7407407407407405,8.843949044585987,easy
0.4912,16.44736842105263,2.7298444130127297,6.2368421052631575,8.688524590163935,easy
0.4681238615664845,13.071428571428571,2.8333333333333335,5.261904761904762,8.35024154589372,easy
0.5185909980430529,18.925925925925927,3.0843585237258346,6.555555555555555,8.245049504950495,easy
0.48205928237129486,15.261904761904763,3.030013642564802,5.571428571428571,8.752083333333333,easy
0.5070175438596491,17.8125,2.8900763358778625,6.4375,8.11214953271028,easy
0.46706586826347307,14.521739130434783,2.7411764705882353,5.956521739130435,8.253465346534654,easy
0.5615384615384615,14.054054054054054,2.864217252396166,5.297297297297297,7.607407407407408,easy
0.4467680608365019,12.829268292682928,2.860353130016051,5.2926829268292686,8.714285714285714,easy
0.46439628482972134,16.564102564102566,3.0416107382550335,5.846153846153846,7.991919191919192,easy
0.4441747572815534,13.733333333333333,2.975359342915811,5.766666666666667,7.791666666666667,easy
0.4596949891067538,15.3,2.9183673469387754,5.4,8.88855421686747,easy
0.5183098591549296,14.2,2.8337182448036953,5.96,8.582706766917294,easy
0.4930555555555556,16.941176470588236,3.114630467571644,6.323529411764706,7.629370629370629,easy
0.3847184986595174,15.872340425531915,3.0730337078651684,5.808510638297872,8.047706422018349,easy
0.42857142857142855,16.333333333333332,3.0,6.2727272727272725,9.287179487179488,easy
0.5070422535211268,15.434782608695652,2.9903614457831327,5.956521739130435,7.951219512195122,easy
0.546112115732369,17.838709677419356,2.907232704402516,6.258064516129032,8.009478672985782,easy
0.4410828025477707,12.56,2.490566037735849,4.92,8.724731182795699,easy
0.546875,17.655172413793103,2.935593220338983,6.448275862068965,7.342036553524804,easy
0.48566308243727596,13.285714285714286,3.281980742778542,5.333333333333333,8.973039215686274,easy
0.4007285974499089,19.607142857142858,3.386217948717949,6.571428571428571,7.06043956043956,easy
0.5136876006441223,19.40625,3.063711911357341,6.25,8.683982683982684,easy
0.44807121661721067,14.652173913043478,3.1062271062271063,5.869565217391305,8.476673427991887,easy
0.4819277108433735,16.6,2.9001751313485116,6.366666666666666,8.491891891891893,easy
0.5351787773933102,14.21311475409836,3.2049571020019068,5.573770491803279,9.077881619937695,easy
0.4329501915708812,16.838709677419356,3.0775444264943457,6.387096774193548,8.070621468926554,easy
0.5529411764705883,16.19047619047619,2.9764397905759163,6.142857142857143,7.931034482758621,easy
0.5583482944344704,18.566666666666666,3.08955223880597,7.033333333333333,7.319148936170213,easy
0.5076142131979695,17.90909090909091,3.0373692077727954,6.181818181818182,8.09156626506024,easy
0.4877126654064272,17.633333333333333,3.057046979865772,6.366666666666666,7.956521739130435,easy
0.4266917293233083,14.378378378378379,3.0109546165884193,5.756756756756757,7.594086021505376,easy
0.48623853211009177,18.79310344827586,3.1650485436893203,6.241379310344827,7.980861244019139,easy
0.43992932862190814,16.17142857142857,2.967136150234742,6.142857142857143,7.4275,easy
0.4052863436123348,18.16,3.36697247706422,6.24,8.15112540192926,easy
0.499302649930265,13.788461538461538,2.8667481662591685,5.211538461538462,9.922935779816514,easy
0.5310136157337367,16.525,2.852522639068564,6.3,7.642714570858283,easy
0.42857142857142855,16.40625,3.222772277227723,5.71875,7.49748743718593,easy
0.4689119170984456,16.782608695652176,3.2983193277310923,6.0,8.384328358208956,easy
0.5432098765432098,15.576923076923077,3.1569037656903767,6.153846153846154,9.37987012987013,easy
0.37264150943396224,16.96,3.0330739299610894,6.96,7.2517006802721085,easy
0.4539877300613497,20.375,3.0973451327433628,7.083333333333333,8.388140161725067,easy
0.4677754677754678,16.586206896551722,3.077328646748682,6.0,8.215116279069768,easy
0.517515923566879,16.102564102564102,3.005524861878453,5.897435897435898,8.732758620689655,easy
0.43724696356275305,17.642857142857142,2.9627118644067796,6.857142857142857,7.144444444444445,easy
0.5138888888888888,18.666666666666668,2.9242957746478875,6.2592592592592595,8.76063829787234,easy
0.5161904761904762,16.40625,2.9775474956822108,6.3125,7.54074074074074,easy
0.46503496503496505,15.45945945945946,3.015151515151515,5.5675675675675675,9.31764705882353,easy
0.4601018675721562,21.035714285714285,3.4445945945945944,6.964285714285714,9.048054919908466,easy
0.4054794520547945,16.59090909090909,3.081145584725537,6.2727272727272725,7.426056338028169,easy
0.4656,15.625,2.9702970297029703,5.875,9.577181208053691,easy
0.529113924050633,14.107142857142858,2.6266666666666665,5.857142857142857,9.256227758007118,easy
0.47629310344827586,17.185185185185187,2.975970425138632,6.0,8.362275449101796,easy
0.5310344827586206,17.058823529411764,2.9119318181818183,6.470588235294118,8.004739336492891,easy
0.494488188976378,18.142857142857142,3.2556894243641232,6.085714285714285,7.931677018633541,easy
0.4878048780487805,16.18421052631579,3.217032967032967,6.026315789473684,8.138461538461538,easy
0.5061295971978984,16.314285714285713,2.9160305343511452,6.2,8.523456790123456,easy
0.5076400679117148,15.102564102564102,2.96987087517934,5.487179487179487,9.393665158371041,easy
0.5509641873278237,12.517241379310345,2.5282555282555284,5.793103448275862,9.46484375,easy
0.49889135254988914,18.04,2.9248554913294798,6.72,7.7492163009404385,easy
0.475103734439834,14.176470588235293,3.015929203539823,5.470588235294118,9.27247191011236,easy
0.5190476190476191,12.857142857142858,3.0220082530949104,5.020408163265306,8.202868852459016,easy
0.5609318996415771,16.90909090909091,2.9206349206349205,6.636363636363637,7.4987834549878345,easy
0.42757417102966844,14.692307692307692,2.8516819571865444,5.6923076923076925,8.64179104477612,easy
0.47755834829443444,14.282051282051283,2.731366459627329,5.897435897435898,8.704834605597965,easy
0.5294117647058824,21.533333333333335,3.3562585969738654,6.466666666666667,8.643162393162394,easy
0.5224358974358975,19.5,3.234042553191489,7.25,8.673160173160174,easy
0.466824644549763,13.1875,2.6713426853707416,5.5625,7.762376237623762,easy
0.47924528301886793,14.722222222222221,2.9828125,6.0,8.729222520107239,easy
0.509090909090909,15.714285714285714,2.949119373776908,6.321428571428571,8.13015873015873,easy
0.40987654320987654,15.576923076923077,3.0622406639004147,5.5,8.475524475524475,easy
0.5088028169014085,24.695652173913043,3.3680124223602483,8.130434782608695,8.659574468085106,easy
0.5039494470774092,17.583333333333332,3.0110344827586206,6.611111111111111,9.40929203539823,easy
0.4857142857142857,18.846153846153847,2.967857142857143,7.346153846153846,7.523545706371191,easy
0.42162162162162165,17.34375,3.2336874051593325,6.59375,8.476190476190476,easy
0.478494623655914,17.714285714285715,2.9773242630385486,6.238095238095238,8.428571428571429,easy
0.39717425431711145,18.735294117647058,3.219917012448133,6.676470588235294,8.496688741721854,easy
0.4737609329446064,22.866666666666667,3.561006289308176,7.066666666666666,8.247524752475247,easy
0.5590828924162258,17.71875,2.914421553090333,6.46875,8.152073732718893,easy
0.4883268482490272,16.0625,2.9546247818499127,5.75,9.332378223495702,easy
0.4975206611570248,16.35135135135135,2.850789096126255,6.216216216216216,7.936218678815489,easy
0.5644444444444444,16.463414634146343,2.838516746411483,5.804878048780488,8.549603174603174,easy
0.5875831485587583,17.346153846153847,2.949275362318841,6.769230769230769,8.011869436201781,easy
0.46524064171123,13.851851851851851,2.847058823529412,5.481481481481482,9.663003663003662,easy
0.49244712990936557,14.71111111111111,2.8806366047745358,5.733333333333333,7.789583333333334,easy
0.41354723707664887,16.02857142857143,2.9831804281345566,6.2,8.68646080760095,easy
0.5673758865248227,21.692307692307693,3.1885895404120443,6.3076923076923075,8.459016393442623,easy
0.5046511627906977,18.695652173913043,2.993723849372385,6.478260869565218,8.768987341772151,easy
0.4117647058823529,15.521739130434783,3.0332541567695963,5.391304347826087,8.573705179282868,easy
0.5235602094240838,14.692307692307692,2.7045454545454546,6.0,9.07638888888889,easy
0.44175824175824174,15.689655172413794,3.080074487895717,6.137931034482759,7.515759312320917,easy
0.5119617224880383,16.945945945945947,3.110803324099723,5.945945945945946,8.646680942184155,easy
0.4631578947368421,11.585365853658537,2.6576402321083172,4.7560975609756095,8.043478260869565,easy
0.4664371772805508,15.289473684210526,2.7786499215070646,5.7894736842105265,9.415676959619953,easy
0.5791433891992551,15.794117647058824,3.080952380952381,5.882352941176471,7.626598465473146,easy
0.583793738489871,15.970588235294118,3.053627760252366,5.882352941176471,7.638461538461539,easy
0.43344155844155846,16.210526315789473,3.0055710306406684,5.921052631578948,7.81995661605206,easy
0.48255813953488375,15.636363636363637,2.850117096018735,6.090909090909091,9.011450381679388,easy
0.5130890052356021,16.852941176470587,2.9780701754385963,6.264705882352941,11.023419203747073,easy
0.48562300319488816,17.38888888888889,2.9260752688172045,5.805555555555555,9.0,easy
0.5215146299483648,18.15625,3.1462728551336148,6.46875,7.605140186915888,easy
0.4506065857885615,13.738095238095237,2.9686609686609686,5.785714285714286,8.591346153846153,easy
0.46534653465346537,13.772727272727273,2.8173913043478263,5.386363636363637,8.205752212389381,easy
0.4856661045531197,14.825,2.87221396731055,5.4,7.8734177215189876,easy
0.47639484978540775,14.5625,3.1188679245283017,4.90625,9.709677419354838,easy
0.4483394833948339,16.424242424242426,3.1556603773584904,6.090909090909091,7.903225806451613,easy
0.4034090909090909,14.666666666666666,3.1712962962962963,5.388888888888889,7.99738219895288,easy
0.546583850931677,17.25,3.066334991708126,6.285714285714286,7.466292134831461,easy
0.5656324582338902,16.76,3.2658227848101267,5.76,9.822147651006711,easy
0.5189620758483033,15.65625,3.0622950819672132,5.90625,9.427397260273972,easy
0.5054545454545455,16.176470588235293,2.9072642967542506,5.735294117647059,9.883610451306414,easy
0.4654300168634064,15.205128205128204,3.231741573033708,5.948717948717949,8.318501170960188,easy
0.4696485623003195,15.65,2.8943661971830985,5.525,8.286012526096034,easy
0.5025380710659898,16.416666666666668,2.986072423398329,6.416666666666667,7.984478935698448,easy
0.5206971677559913,19.956521739130434,3.3488372093023258,7.260869565217392,8.253687315634219,easy
0.4910891089108911,24.047619047619047,3.824675324675325,8.19047619047619,8.158602150537634,medium
0.49665924276169265,22.45,3.163147792706334,7.35,7.6432926829268295,medium
0.4888888888888889,19.285714285714285,3.0958549222797926,6.6,9.066805845511482,medium
0.4826388888888889,26.181818181818183,3.2523510971786833,7.863636363636363,8.326781326781326,medium
0.41737649063032367,26.681818181818183,3.5593984962406013,8.045454545454545,7.83855421686747,medium
0.524416135881104,20.47826086956522,3.3285198555956677,7.217391304347826,8.615384615384615,medium
0.4668304668304668,16.28,3.043613707165109,6.0,8.09,medium
0.45112781954887216,20.151515151515152,3.4743758212877793,6.96969696969697,7.514056224899599,medium
0.55,20.833333333333332,2.9266666666666667,8.041666666666666,9.047091412742382,medium
0.504,17.857142857142858,2.9396433470507546,6.371428571428571,7.7429805615550755,medium
0.5091210613598673,28.714285714285715,3.48,8.428571428571429,7.302059496567506,medium
0.5677179962894249,19.25,2.9551282051282053,6.321428571428571,7.711583924349882,medium
0.5151515151515151,25.235294117647058,3.4028629856850716,7.0,8.075,medium
0.4750889679715303,24.434782608695652,3.9352409638554215,8.391304347826088,7.898989898989899,medium
0.47191011235955055,20.53846153846154,3.1383783783783783,7.17948717948718,9.728668941979523,medium
0.4771986970684039,19.806451612903224,3.5656292286874156,7.161290322580645,8.3585313174946,medium
0.4765625,17.23076923076923,2.9930830039525693,6.3076923076923075,8.095808383233534,medium
0.5080428954423593,19.128205128205128,3.4094579008073818,6.0256410256410255,8.625,medium
0.49458483754512633,18.466666666666665,3.341867469879518,6.6,7.954545454545454,medium
0.5266579973992198,21.36111111111111,3.2564102564102564,7.0,7.827768014059754,medium
0.42487046632124353,20.31578947368421,3.149184149184149,6.605263157894737,8.904235727440147,medium
0.48988439306358383,16.093023255813954,3.1008303677342823,5.953488372093023,9.073643410852712,medium
0.5488721804511278,22.166666666666668,3.1444991789819374,8.125,7.012315270935961,medium
0.4987745098039216,12.952380952380953,2.9421397379912664,5.079365079365079,9.110223642172524,medium
0.4866220735785953,17.58823529411765,3.1474452554744525,6.029411764705882,8.540865384615385,medium
0.4899135446685879,17.794871794871796,3.011002444987775,6.743589743589744,8.732580037664784,medium
0.4450704225352113,20.88235294117647,3.2252475247524752,7.4411764705882355,7.913654618473895,medium
0.5065885797950219,20.696969696969695,3.272727272727273,6.96969696969697,6.873563218390805,medium
0.5418060200668896,23.0,3.117310443490701,7.6923076923076925,7.442437923250564,medium
0.4244415243101183,14.092592592592593,2.8739977090492554,5.277777777777778,8.234317343173432,medium
0.4797979797979798,14.666666666666666,3.195909580193757,5.685185185185185,7.797029702970297,medium
0.4701086956521739,20.444444444444443,3.3364928909952605,6.722222222222222,7.1038461538461535,medium
0.46577380952380953,21.0,3.2885375494071147,7.34375,7.4778012684989426,medium
0.47270471464019853,19.658536585365855,3.1754574811625402,6.658536585365853,8.00677966101695,medium
0.4835742444152431,18.11904761904762,3.0656851642129106,6.619047619047619,8.001754385964912,medium
0.45548387096774196,19.375,3.402885682574917,6.525,8.403197158081705,medium
0.45878693623639194,21.433333333333334,3.27063599458728,7.2,8.244588744588745,medium
0.5729166666666666,17.142857142857142,3.402439024390244,6.0,7.6730245231607626,medium
0.42083333333333334,20.0,3.086060606060606,7.0,7.568507157464213,medium
0.4927536231884058,17.742857142857144,2.9061166429587484,6.6,8.505376344086022,medium
0.4693140794223827,20.51851851851852,2.982919254658385,7.333333333333333,7.953002610966058,medium
0.5028901734104047,19.96153846153846,3.368948247078464,6.461538461538462,7.533505154639175,medium
0.42616033755274263,17.341463414634145,3.1099290780141846,6.024390243902439,7.74274661508704,medium
0.5112781954887218,18.344827586206897,2.889983579638752,7.310344827586207,8.451219512195122,medium
0.47701863354037266,14.907407407407407,3.183098591549296,5.185185185185185,8.357512953367875,medium
0.47391952309985097,22.366666666666667,3.2161458333333335,8.0,7.883196721311475,medium
0.4470284237726098,22.764705882352942,3.0,8.058823529411764,7.659851301115242,medium
0.42550143266475643,20.529411764705884,3.257425742574257,6.764705882352941,8.120240480961924,medium
0.527027027027027,22.96551724137931,3.163682864450128,7.310344827586207,8.334008097165992,medium
0.4522691705790297,22.03448275862069,3.1426553672316384,7.379310344827586,8.152317880794701,medium
0.39941690962099125,18.05263157894737,3.4755332496863236,5.973684210526316,8.451485148514852,medium
0.411144578313253,18.97142857142857,3.190728476821192,6.457142857142857,7.809917355371901,medium
0.5014792899408284,18.77777777777778,2.989637305699482,6.944444444444445,8.357293868921776,medium
0.4680306905370844,23.696969696969695,3.5937859608745684,6.878787878787879,8.171681415929203,medium
0.39166666666666666,20.0,3.2071428571428573,6.555555555555555,7.429752066115703,medium
0.47020725388601037,17.953488372093023,3.296045197740113,6.116279069767442,10.017793594306049,medium
0.4727272727272727,24.655172413793103,3.1960049937578026,7.862068965517241,7.262845849802371,medium
0.46337579617834396,20.258064516129032,3.138440860215054,7.064516129032258,7.600451467268623,medium
0.5181818181818182,16.382978723404257,2.8586826347305387,6.404255319148936,7.43010752688172,medium
0.46766917293233085,18.47222222222222,3.0728218465539663,6.444444444444445,8.664015904572565,medium
0.5251700680272109,18.375,3.052694610778443,6.375,8.434628975265017,medium
0.5363511659807956,20.25,3.077658303464755,6.75,7.381981981981982,medium
0.46293706293706294,22.34375,3.3592233009708736,7.15625,7.270793036750484,medium
0.4459770114942529,17.4,3.017509727626459,6.36,8.006269592476489,medium
0.5088235294117647,22.666666666666668,3.4211822660098523,7.133333333333334,7.283433133732535,medium
0.3967741935483871,19.375,3.17090395480226,6.53125,8.146171693735498,medium
0.5119363395225465,15.387755102040817,2.9815242494226326,5.673469387755102,9.075925925925926,medium
0.523725834797891,18.966666666666665,3.5237467018469655,7.033333333333333,8.55609756097561,medium
0.4675141242937853,16.857142857142858,2.945172824791418,6.119047619047619,8.094488188976378,medium
0.5344827586206896,21.542857142857144,3.4982578397212545,7.314285714285714,8.374545454545455,medium
0.4758909853249476,14.90625,2.9617391304347827,5.6875,8.721264367816092,medium
0.47966101694915253,26.818181818181817,3.4061538461538463,7.818181818181818,8.831435079726651,medium
0.4956140350877193,18.0,2.9212198221092756,7.0,9.474437627811861,medium
0.4697754749568221,20.678571428571427,3.5308464849354375,7.392857142857143,7.833333333333333,medium
0.513840830449827,18.64516129032258,2.9425981873111784,7.064516129032258,8.960687960687961,medium
0.5077519379844961,19.846153846153847,3.0100558659217875,7.051282051282051,8.15257048092869,medium
0.4638364779874214,13.53191489361702,3.049808429118774,5.51063829787234,8.09224318658281,medium
0.5192012288786483,21.7,3.1858887381275443,7.266666666666667,7.588118811881188,medium
0.4828060522696011,15.804347826086957,3.016867469879518,5.8478260869565215,8.840366972477064,medium
0.5059523809523809,20.363636363636363,3.209125475285171,7.121212121212121,7.5230460921843685,medium
0.47368421052631576,20.357142857142858,3.01010101010101,7.166666666666667,8.261538461538462,medium
0.5319148936170213,17.09090909090909,2.9679558011049725,6.090909090909091,7.6768402154398565,medium
0.45799011532125206,14.452380952380953,3.2583333333333333,5.642857142857143,8.974828375286041,medium
0.45714285714285713,20.0,3.306451612903226,6.3428571428571425,8.022304832713754,medium
0.46029173419773095,18.147058823529413,3.1983471074380163,6.588235294117647,7.434599156118144,medium
0.4538216560509554,17.444444444444443,3.1135135135135137,5.888888888888889,8.530172413793103,medium
0.5033898305084745,17.87878787878788,3.071022727272727,6.515151515151516,8.353741496598639,medium
0.48673946957878317,19.424242424242426,3.2660300136425646,6.393939393939394,7.668067226890757,medium
0.4153061224489796,17.818181818181817,3.1601027397260273,6.418181818181818,8.281729428172943,medium
0.42394822006472493,21.310344827586206,3.2971506105834463,7.0,8.390728476821192,medium
0.5188679245283019,16.307692307692307,3.053784860557769,6.153846153846154,8.312080536912752,medium
0.5328947368421053,23.384615384615383,3.2317596566523603,6.8076923076923075,7.928879310344827,medium
0.44328358208955226,14.565217391304348,2.6816326530612247,5.173913043478261,8.672,medium
0.5363924050632911,24.307692307692307,3.2476190476190476,7.538461538461538,7.593147751605995,medium
0.49577464788732395,16.904761904761905,3.4166666666666665,5.857142857142857,9.57729941291585,medium
0.4174454828660436,22.928571428571427,3.5655737704918034,7.142857142857143,6.963048498845265,medium
0.4925925925925926,21.89189189189189,3.257142857142857,6.783783783783784,8.755,medium
0.44503311258278144,17.15909090909091,3.4468546637744035,6.5,8.726943942133815,medium
0.5079171741778319,17.847826086956523,3.0317460317460316,6.5,8.209225700164744,medium
0.5285313376987839,20.169811320754718,3.564814814814815,6.6415094339622645,8.907035175879397,medium
0.4375,19.733333333333334,3.1300578034682083,6.9,8.33084577114428,medium
0.5361050328227571,19.041666666666668,3.0627376425855513,6.5,7.858789625360231,medium
0.535234899328859,25.91304347826087,3.476056338028169,8.347826086956522,7.636568848758465,medium
0.5078534031413613,20.64864864864865,3.3017543859649123,7.0,8.578358208955224,medium
0.48639455782312924,21.0,3.3125925925925928,6.928571428571429,8.078341013824884,medium
0.43923865300146414,15.177777777777777,3.2250300842358604,5.6,7.791322314049586,medium
0.4795417348608838,21.821428571428573,3.323615160349854,6.5,7.866807610993657,medium
0.4505988023952096,18.054054054054053,3.2317708333333335,6.243243243243243,7.513347022587269,medium
0.41760299625468167,20.53846153846154,3.3302611367127497,6.923076923076923,7.942465753424657,medium
0.513095238095238,17.872340425531913,2.9732510288065845,5.8936170212765955,9.458841463414634,medium
0.5376661742983752,18.805555555555557,3.009925558312655,6.694444444444445,8.023575638506877,medium
0.42418772563176893,17.3125,3.3765625,6.03125,7.6658595641646485,medium
0.46153846153846156,20.91304347826087,3.8656462585034013,6.3478260869565215,8.222873900293255,medium
0.5509838998211091,18.633333333333333,3.1510015408320493,6.433333333333334,9.206572769953052,medium
0.39615384615384613,20.8,3.2843450479233227,7.56,7.544235924932976,medium
0.45794392523364486,24.692307692307693,3.2247956403269753,8.576923076923077,8.611344537815127,medium
0.4697802197802198,19.157894736842106,3.034688995215311,6.605263157894737,8.09441233140655,medium
0.51994301994302,18.972972972972972,3.107975460122699,6.405405405405405,8.869070208728653,medium
0.4673202614379085,23.53846153846154,3.289325842696629,7.846153846153846,7.838565022421525,medium
0.5077138849929874,21.606060606060606,3.241551939924906,7.0606060606060606,8.937621832358674,medium
0.5181674565560821,20.419354838709676,3.2304409672830725,7.193548387096774,7.599173553719008,medium
0.4661458333333333,21.942857142857143,3.601553829078801,6.771428571428571,8.446996466431095,medium
0.4925373134328358,21.057142857142857,3.461123110151188,6.685714285714286,8.932481751824817,medium
0.42780748663101603,19.344827586206897,3.1448598130841123,7.206896551724138,7.536643026004728,medium
0.4603960396039604,17.19148936170213,3.0692307692307694,6.404255319148936,9.347150259067357,medium
0.5241935483870968,17.714285714285715,2.770893371757925,6.457142857142857,8.624454148471616,medium
0.4908616187989556,20.157894736842106,3.1991150442477876,6.7368421052631575,7.925454545454546,medium
0.5012406947890818,20.15,3.285425101214575,6.75,7.597315436241611,medium
0.5031289111389237,19.48780487804878,3.4591728525980914,6.2926829268292686,8.018456375838927,medium
0.48891786179921776,20.72972972972973,3.0668127053669223,6.864864864864865,8.538461538461538,medium
0.5126162018592297,17.511627906976745,3.013904982618772,6.348837209302325,8.584229390681003,medium
0.495260663507109,17.95744680851064,3.1434384537131232,6.23404255319149,9.184,medium
0.5450643776824035,18.64,2.7803468208092488,7.04,8.044378698224852,medium
0.498546511627907,22.933333333333334,3.0231958762886597,8.166666666666666,8.161554192229039,medium
0.4676258992805755,14.787234042553191,2.9032648125755744,5.723404255319149,9.314516129032258,medium
0.5033783783783784,12.507042253521126,2.884652981427175,5.23943661971831,7.6,medium
0.5500747384155455,19.114285714285714,3.2609254498714653,7.142857142857143,7.510121457489879,medium
0.4451871657754011,17.0,2.998820754716981,6.4772727272727275,7.990494296577947,medium
0.4657933042212518,17.175,2.9886363636363638,6.45,9.696787148594378,medium
0.527086383601757,23.551724137931036,3.451108213820078,7.137931034482759,8.64969450101833,medium
0.5223880597014925,23.774193548387096,3.471360381861575,8.096774193548388,7.9700374531835205,medium
0.48214285714285715,16.0,3.096296296296296,6.2,7.622549019607843,medium
0.5054945054945055,16.763157894736842,3.031168831168831,6.473684210526316,8.701559020044543,medium
0.5087108013937283,20.5,3.283132530120482,7.142857142857143,7.5673076923076925,medium
0.44140625,17.066666666666666,3.307565789473684,5.966666666666667,8.778082191780822,medium
0.5075757575757576,26.4,3.7375979112271542,8.16,8.33469387755102,medium
0.5007173601147776,22.483870967741936,3.3930348258706466,7.064516129032258,8.99391480730223,medium
0.5007429420505201,22.433333333333334,3.3879641485275287,7.466666666666667,7.164271047227926,medium
0.42181340341655715,20.56756756756757,3.278466741826381,6.891891891891892,8.236559139784946,medium
0.501039501039501,20.91304347826087,3.0842105263157893,6.956521739130435,8.118980169971671,medium
0.41975308641975306,22.09090909090909,3.4311163895486936,7.0,8.210727969348659,medium
0.4592476489028213,22.0,3.3202702702702704,6.862068965517241,8.423655913978495,medium
0.5408895265423243,19.914285714285715,2.909814323607427,7.057142857142857,8.092664092664092,medium
0.49834983498349833,18.363636363636363,2.926362297496318,6.515151515151516,9.541062801932368,medium
0.504,17.857142857142858,2.9669811320754715,6.619047619047619,7.5363128491620115,medium
0.5782664941785253,18.404761904761905,3.132492113564669,6.5476190476190474,8.211340206185566,medium
0.5799011532125206,22.48148148148148,3.2520435967302452,7.407407407407407,7.885393258426967,medium
0.4720496894409938,16.655172413793103,2.914035087719298,6.586206896551724,8.654390934844193,medium
0.5013192612137203,15.791666666666666,2.9511059371362047,5.958333333333333,7.863063063063063,medium
0.442225392296719,19.47222222222222,3.178921568627451,6.888888888888889,8.216269841269842,medium
0.5852713178294574,24.1875,3.2104046242774564,7.0,8.688356164383562,medium
0.52,21.296296296296298,3.1462264150943398,7.148148148148148,8.321867321867321,medium
0.41112828438948995,17.486486486486488,3.2722513089005236,5.594594594594595,8.178021978021977,medium
0.5574468085106383,15.161290322580646,2.8814814814814813,5.741935483870968,8.35774647887324,medium
0.4537953795379538,18.363636363636363,3.335664335664336,6.363636363636363,8.407407407407407,medium
0.5012886597938144,22.823529411764707,3.3408833522083805,6.882352941176471,8.873905429071804,medium
0.46616541353383456,14.378378378378379,2.7801047120418847,5.675675675675675,7.648192771084338,medium
0.47844827586206895,18.81081081081081,2.9362808842652797,6.4324324324324325,9.284,medium
0.4400494437577256,17.977777777777778,3.1777777777777776,6.022222222222222,8.986230636833046,medium
0.5442857142857143,21.875,3.3141809290953543,7.5625,7.666666666666667,medium
0.4155019059720457,20.710526315789473,3.176470588235294,6.842105263157895,8.012323943661972,medium
0.4799426934097421,19.942857142857143,3.2037470725995316,7.057142857142857,8.110294117647058,medium
0.5233644859813084,17.12,3.158098933074685,6.26,10.473767885532592,medium
0.49564270152505446,18.73469387755102,2.992613111726685,6.428571428571429,8.740963855421686,medium
0.5412979351032449,19.37142857142857,3.2953995157384988,6.8,7.219178082191781,medium
0.4557291666666667,16.695652173913043,3.0204520990312163,6.282608695652174,8.359116022099448,medium
0.4721141374837873,15.73469387755102,3.0498301245753114,5.816326530612245,8.481216457960643,medium
0.5074626865671642,22.333333333333332,3.2567726737338045,6.878787878787879,7.597246127366609,medium
0.5077355836849508,16.53488372093023,3.238442822384428,5.651162790697675,9.162523900573614,medium
0.45566166439290584,17.878048780487806,3.1804597701149424,6.658536585365853,7.810861423220974,medium
0.4231292517006803,19.864864864864863,3.321787709497207,6.45945945945946,8.157894736842104,medium
0.5331125827814569,19.483870967741936,2.957880434782609,6.903225806451613,7.757990867579909,medium
0.5621621621621622,19.821428571428573,3.4834123222748814,6.285714285714286,9.090452261306533,medium
0.5,16.764705882352942,3.1154401154401152,5.9411764705882355,8.916267942583731,medium
0.5026041666666666,19.692307692307693,3.1483516483516483,6.230769230769231,9.4493006993007,medium
0.4817320703653586,19.44736842105263,3.4016018306636155,6.7368421052631575,8.19925512104283,medium
0.45911047345767575,17.871794871794872,2.9656488549618323,6.333333333333333,8.445075757575758,medium
0.5,20.41025641025641,3.1556016597510372,7.102564102564102,8.073051948051948,medium
0.5141955835962145,26.416666666666668,3.6095617529880477,7.833333333333333,8.01511879049676,medium
0.4975206611570248,26.304347826086957,3.8461538461538463,8.26086956521739,7.400442477876106,hard
0.48329621380846327,23.63157894736842,3.1811175337186897,7.947368421052632,7.595744680851064,hard
0.48981779206859594,19.4375,3.11731843575419,6.5,8.377073906485672,hard
0.4879594423320659,29.22222222222222,3.569023569023569,8.444444444444445,7.922807017543859,hard
0.4169934640522876,26.379310344827587,3.5470383275261326,8.206896551724139,7.4638783269961975,hard
0.5289982425307557,23.708333333333332,3.524024024024024,8.0,8.200968523002421,hard
0.4714747039827772,17.203703703703702,3.0754545454545457,6.185185185185185,8.092619392185238,hard
0.4539800995024876,25.125,3.9087947882736156,7.5,6.97948717948718,hard
0.5362318840579711,28.227272727272727,3.2688172043010755,8.545454545454545,8.88,hard
0.5063001145475372,22.384615384615383,3.2358771060455895,7.282051282051282,7.830745341614906,hard
0.520336605890603,28.52,3.4213075060532687,8.84,7.626666666666667,hard
0.5690440060698028,21.966666666666665,3.2659713168187743,6.633333333333334,7.600386100386101,hard
0.5341246290801187,26.96,3.5416116248348746,7.76,7.950980392156863,hard
0.4721254355400697,24.956521739130434,3.9044117647058822,8.869565217391305,7.950617283950617,hard
0.4636752136752137,24.0,3.4224058769513315,7.794871794871795,9.5,hard
0.48613376835236544,19.774193548387096,3.6224627875507442,7.064516129032258,8.232608695652173,hard
0.4776444929116685,17.30188679245283,2.9566473988439306,6.622641509433962,8.047267355982274,hard
0.4966442953020134,20.790697674418606,3.537644787644788,6.325581395348837,8.258308157099698,hard
0.49416909620991256,20.176470588235293,3.391841779975278,6.735294117647059,7.866019417475728,hard
0.5301681503461919,22.466666666666665,3.3518518518518516,7.555555555555555,7.863636363636363,hard
0.42379958246346555,21.288888888888888,3.1307619943555975,6.933333333333334,9.055800293685756,hard
0.4794520547945205,17.456521739130434,3.3346938775510204,6.260869565217392,9.113175675675675,hard
0.5538020086083214,27.88,3.4537607891491984,8.36,6.7542857142857144,hard
0.49610136452241715,14.869565217391305,3.1709844559585494,5.695652173913044,9.310654685494223,hard
0.4793814432989691,18.926829268292682,3.2671927846674182,6.439024390243903,8.134438305709024,hard
0.5036496350364964,21.076923076923077,3.127310061601643,7.666666666666667,8.622792937399678,hard
0.45454545454545453,28.470588235294116,3.708849557522124,8.088235294117647,7.734026745913819,hard
0.5057618437900128,22.314285714285713,3.4298440979955456,7.257142857142857,7.231932773109244,hard
0.5528350515463918,24.25,3.2823920265780733,7.65625,7.260344827586207,hard
0.42515592515592515,14.575757575757576,2.9873417721518987,5.363636363636363,8.233137829912023,hard
0.48096192384769537,18.830188679245282,3.3012875536480686,6.471698113207547,7.960916442048518,hard
0.46904024767801855,24.846153846153847,3.481132075471698,7.923076923076923,7.19438444924406,hard
0.463855421686747,25.9375,3.489968321013728,8.0,7.42320819112628,hard
0.4722792607802875,21.644444444444446,3.370727432077125,6.933333333333334,7.864406779661017,hard
0.4929742388758782,22.473684210526315,3.286290322580645,7.526315789473684,7.580745341614906,hard
0.441141498216409,22.13157894736842,3.533333333333333,6.842105263157895,8.184818481848184,hard
0.44195953141640043,22.902439024390244,3.294388224471021,7.390243902439025,8.038575667655786,hard
0.5628517823639775,18.379310344827587,3.401114206128134,6.344827586206897,7.579207920792079,hard
0.4296675191815857,20.57894736842105,3.2452830188679247,6.7894736842105265,7.832391713747646,hard
0.4914134742404227,19.92105263157895,2.983490566037736,7.105263157894737,7.926916221033868,hard
0.49117647058823527,21.93548387096774,3.191919191919192,7.32258064516129,7.937759336099585,hard
0.4984423676012461,25.68,3.5964432284541723,7.36,7.2690677966101696,hard
0.4311440677966102,18.88,3.099361896080219,6.56,7.617210682492582,hard
0.5207956600361664,19.75,2.9464566929133857,7.714285714285714,8.242424242424242,hard
0.4994535519125683,16.05263157894737,3.2305630026809653,5.4035087719298245,8.461538461538462,hard
0.47943722943722944,24.972972972972972,3.4589694656488548,7.972972972972973,7.384500745156483,hard
0.471898197242842,23.0,3.1302717900656045,8.24390243902439,7.048120300751879,hard
0.4371754932502596,22.3953488372093,3.445430346051464,6.837209302325581,8.227272727272727,hard
0.5319693094629157,23.696969696969695,3.327604726100967,7.575757575757576,8.34013605442177,hard
0.46084724005134786,21.63888888888889,3.0534262485481998,7.333333333333333,8.626811594202898,hard
0.3947939262472885,21.952380952380953,3.5922421948912016,6.785714285714286,8.48,hard
0.42923976608187137,20.357142857142858,3.3843782117163412,6.4523809523809526,7.529968454258675,hard
0.49441340782122906,20.457142857142856,3.1715686274509802,7.085714285714285,7.952475247524752,hard
0.469601677148847,28.90909090909091,3.9400187441424555,7.333333333333333,8.17621776504298,hard
0.4051172707889126,22.333333333333332,3.360146252285192,6.9523809523809526,7.5046875,hard
0.47521551724137934,21.09090909090909,3.2978524743230624,7.136363636363637,10.047761194029851,hard
0.48055832502492524,26.394736842105264,3.2254641909814326,8.447368421052632,7.346423562412342,hard
0.47554347826086957,23.741935483870968,3.317497103128621,7.935483870967742,7.879310344827586,hard
0.5198237885462555,17.132075471698112,2.888888888888889,6.188679245283019,7.075987841945289,hard
0.4793296089385475,20.34090909090909,3.087548638132296,6.681818181818182,8.224368499257057,hard
0.5286697247706422,20.761904761904763,3.3470411233701105,6.619047619047619,7.976366322008863,hard
0.5367965367965368,21.0,3.2776735459662287,6.7272727272727275,7.363636363636363,hard
0.4748858447488584,26.545454545454547,3.6294117647058823,7.484848484848484,7.30421216848674,hard
0.4664371772805508,22.346153846153847,3.1923641703377386,7.346153846153846,7.542725173210162,hard
0.5134770889487871,22.484848484848484,3.454237288135593,7.0606060606060606,7.3127272727272725,hard
0.391304347826087,20.032258064516128,3.172027972027972,6.612903225806452,8.144186046511628,hard
0.5077105575326216,18.32608695652174,3.1521961184882534,6.195652173913044,8.961857379767828,hard
0.5416058394160584,22.096774193548388,3.622004357298475,7.258064516129032,8.542168674698795,hard
0.46199524940617576,20.047619047619047,3.258517034068136,6.738095238095238,8.292763157894736,hard
0.5240641711229946,25.27027027027027,3.516309412861137,8.027027027027026,8.307132459970887,hard
0.4963768115942029,15.333333333333334,3.1038575667655786,5.861111111111111,9.188725490196079,hard
0.47649918962722854,29.38095238095238,3.5198237885462555,8.238095238095237,8.900647948164147,hard
0.5087939698492462,18.09090909090909,2.9792122538293215,6.886363636363637,8.918118466898955,hard
0.46461949265687585,23.40625,3.761744966442953,7.75,7.80225988700565,hard
0.5234899328859061,21.804878048780488,3.150442477876106,7.512195121951219,8.412772585669781,hard
0.5183585313174947,20.130434782608695,3.1432532347504623,6.891304347826087,7.7958041958041955,hard
0.45325779036827196,15.347826086956522,3.1205915813424348,5.956521739130435,8.129455909943715,hard
0.5119549929676512,25.392857142857142,3.2555555555555555,7.464285714285714,7.395644283121597,hard
0.4601873536299766,16.423076923076923,3.104145601617796,5.9423076923076925,8.4109375,hard
0.5,25.714285714285715,3.3492990654205608,8.107142857142858,7.1806331471135945,hard
0.4730603448275862,24.42105263157895,3.229981378026071,7.368421052631579,8.166902404526168,hard
0.5338600451467269,16.71698113207547,3.0701107011070112,6.169811320754717,7.481762917933131,hard
0.4525993883792049,16.35,3.769811320754717,5.825,9.41014799154334,hard
0.4677033492822967,22.0,3.4562697576396206,7.0,8.190625,hard
0.4821917808219178,21.470588235294116,3.3993015133876603,7.088235294117647,7.432971014492754,hard
0.45683930942895085,19.81578947368421,3.4875846501128667,5.973684210526316,8.70961887477314,hard
0.5055724417426545,21.0,3.1890504704875964,7.361702127659575,7.84174624829468,hard
0.48575712143928035,21.516129032258064,3.441253263707572,6.935483870967742,7.637826961770624,hard
0.4348958333333333,19.862068965517242,3.3011070110701106,6.775862068965517,7.762295081967213,hard
0.4334763948497854,25.88888888888889,3.5602409638554215,7.592592592592593,8.377470355731225,hard
0.5121951219512195,18.08823529411765,3.238482384823848,6.794117647058823,8.213302752293577,hard
0.5423076923076923,27.857142857142858,3.48,7.392857142857143,8.033277870216306,hard
0.45379310344827584,15.425531914893616,2.8110137672090114,5.48936170212766,8.49725776965265,hard
0.5238784370477568,25.59259259259259,3.3127317676143386,7.888888888888889,7.605577689243028,hard
0.49883177570093457,18.608695652173914,3.5428571428571427,6.326086956521739,9.673534072900159,hard
0.4209809264305177,24.466666666666665,3.5172824791418353,7.666666666666667,7.255952380952381,hard
0.49320794148380354,22.25581395348837,3.2736363636363635,6.813953488372093,8.954992967651195,hard
0.43817787418655096,18.07843137254902,3.2854578096947935,6.9411764705882355,8.625748502994012,hard
0.5118577075098815,21.083333333333332,3.114334470989761,7.125,8.273954116059379,hard
0.5295857988165681,20.484848484848484,3.475925925925926,6.636363636363637,8.655771195097039,hard
0.44942196531791906,22.322580645161292,3.1771995043370507,7.290322580645161,7.612970711297071,hard
0.5328467153284672,24.90909090909091,3.372093023255814,7.7727272727272725,7.204878048780488,hard
0.5273492286115007,31.0,3.4958871915393654,8.869565217391305,7.796226415094339,hard
0.5051194539249146,25.114285714285714,3.395348837209302,7.428571428571429,8.576736672051696,hard
0.48005502063273725,21.38235294117647,3.4414519906323187,7.0,8.395522388059701,hard
0.4564270152505447,16.105263157894736,3.222119815668203,5.947368421052632,7.586259541984733,hard
0.49369085173501576,26.416666666666668,3.360839160839161,7.0,7.839103869653768,hard
0.46134347275031684,19.725,3.468715697036224,6.075,7.829059829059829,hard
0.424408014571949,21.96,3.408011869436202,7.24,7.857908847184986,hard
0.5327942497753818,15.9,2.9523809523809526,5.6,9.279768786127168,hard
0.5406896551724137,19.594594594594593,3.1048387096774195,6.864864864864865,8.195211786372008,hard
0.4216666666666667,18.75,3.256150506512301,6.375,8.242222222222223,hard
0.4634146341463415,20.5,3.64321608040201,6.5,8.054755043227665,hard
0.5506807866868382,23.607142857142858,3.3857142857142857,7.464285714285714,8.903353057199212,hard
0.44556451612903225,26.105263157894736,3.4614093959731544,8.263157894736842,8.388268156424582,hard
0.4614457831325301,26.774193548387096,3.350210970464135,8.548387096774194,7.773162939297125,hard
0.46320346320346323,21.0,3.162111215834119,7.045454545454546,8.234009360374415,hard
0.5307262569832403,24.86111111111111,3.445920303605313,7.277777777777778,8.41566265060241,hard
0.49096385542168675,30.181818181818183,3.4746192893401013,8.818181818181818,7.672131147540983,hard
0.5020964360587002,22.714285714285715,3.3965201465201464,7.071428571428571,8.366619115549215,hard
0.511921458625526,23.0,3.1615776081424936,8.0,7.622950819672131,hard
0.4613233923578751,25.547619047619047,3.8884493670886076,7.285714285714286,8.104725415070243,hard
0.4912087912087912,22.195121951219512,3.673758865248227,6.682926829268292,8.807407407407407,hard
0.4588068181818182,26.074074074074073,3.445692883895131,8.222222222222221,7.832380952380952,hard
0.45652173913043476,18.22641509433962,3.0575342465753423,6.660377358490566,9.449856733524355,hard
0.5298196948682385,18.973684210526315,2.7995079950799506,6.921052631578948,8.308851224105462,hard
0.49644760213143874,21.653846153846153,3.250944822373394,7.0,8.137931034482758,hard
0.5137420718816068,24.894736842105264,3.633851468048359,7.894736842105263,7.599431818181818,hard
0.4940944881889764,21.617021276595743,3.454242928452579,6.595744680851064,7.996047430830039,hard
0.4936842105263158,23.170731707317074,3.161061946902655,7.487804878048781,8.41159420289855,hard
0.5139977603583427,19.41304347826087,2.9775390625,6.6521739130434785,8.237593984962405,hard
0.48616600790513836,19.84313725490196,3.355481727574751,6.509803921568627,8.85619174434088,hard
0.5533980582524272,23.40909090909091,3.027586206896552,8.0,7.82620320855615,hard
0.4922879177377892,25.933333333333334,3.1691259931895575,8.833333333333334,7.824275362318841,hard
0.46613545816733065,16.369565217391305,3.002232142857143,6.108695652173913,9.027675276752767,hard
0.5032558139534884,13.271604938271604,2.905068382944489,5.518518518518518,7.459951456310679,hard
0.5483119906868452,20.452380952380953,3.4781725888324875,7.0476190476190474,7.579439252336448,hard
0.46129707112970714,21.244444444444444,3.2780352177942538,6.888888888888889,8.031343283582089,hard
0.46227709190672156,21.441176470588236,3.2337662337662336,7.352941176470588,9.55787476280835,hard
0.5355648535564853,27.576923076923077,3.7878048780487803,7.846153846153846,8.58766859344894,hard
0.5406746031746031,24.585365853658537,3.5218508997429305,7.853658536585366,8.029062087186261,hard
0.4723926380368098,15.902439024390244,3.121212121212121,6.048780487804878,7.476190476190476,hard
0.4949238578680203,17.130434782608695,3.115183246073298,6.543478260869565,7.99290780141844,hard
0.5047169811320755,23.555555555555557,3.307482993197279,7.777777777777778,8.046709129511678,hard
0.43950995405819293,17.18421052631579,3.288973384030418,6.157894736842105,8.348008385744235,hard
0.509090909090909,27.5,3.7748502994011974,8.307692307692308,8.309568480300188,hard
0.49273447820343463,23.65625,3.425947187141217,7.53125,8.99625468164794,hard
0.5032010243277849,26.033333333333335,3.529152915291529,7.8,7.1325088339222615,hard
0.43078626799557035,23.153846153846153,3.367717287488061,7.435897435897436,8.126139817629179,hard
0.5145454545454545,28.94736842105263,3.3709428129829986,7.947368421052632,8.118811881188119,hard
0.41657077100115075,26.333333333333332,3.4715686274509805,7.848484848484849,8.296825396825398,hard
0.44749596122778673,20.633333333333333,3.2367688022284122,6.7,8.227477477477477,hard
0.5450819672131147,21.529411764705884,3.0566502463054186,7.411764705882353,7.880073800738008,hard
0.4954954954954955,19.58823529411765,2.8945260347129507,6.647058823529412,9.116379310344827,hard
0.5010141987829615,19.72,3.1668169522091976,6.9,7.924050632911392,hard
0.5685814771395076,19.837209302325583,3.0661553211888783,7.1395348837209305,7.816074188562596,hard
0.5652741514360313,23.21212121212121,3.33764832793959,7.393939393939394,7.838709677419355,hard
0.4801980198019802,16.833333333333332,3.13986013986014,6.472222222222222,8.182844243792324,hard
0.4995004995004995,18.537037037037038,3.168281938325991,6.425925925925926,7.9345156889495225,hard
0.4535017221584386,28.096774193548388,3.4598039215686276,8.129032258064516,8.42902711323764,hard
0.5592369477911646,29.294117647058822,3.499108734402852,7.764705882352941,8.587837837837839,hard
0.5273972602739726,22.12121212121212,3.1430348258706466,7.242424242424242,8.703275529865126,hard
0.4207650273224044,16.636363636363637,3.216881594372802,5.704545454545454,7.776717557251908,hard
0.5561497326203209,16.696428571428573,3.001839926402944,6.053571428571429,7.836705202312139,hard
0.47474747474747475,20.842105263157894,3.5080042689434365,6.921052631578948,8.287375415282392,hard
0.511340206185567,25.526315789473685,3.5405405405405403,7.026315789473684,8.793055555555556,hard
0.47489823609226595,18.425,2.9545454545454546,6.15,7.871376811594203,hard
0.47766323024054985,21.825,3.1353846153846154,7.05,9.12700964630225,hard
0.46206225680933855,19.76923076923077,3.3266832917705735,6.576923076923077,9.088948787061994,hard
0.5307486631016043,22.666666666666668,3.2966781214203893,7.606060606060606,7.341113105924596,hard
0.4049586776859504,23.609756097560975,3.2821869488536155,7.2682926829268295,7.795355587808418,hard
0.48139255702280914,20.825,3.2365805168986084,7.025,7.88479262672811,hard
0.5238095238095238,18.46551724137931,3.2762645914396886,6.568965517241379,10.245569620253164,hard
0.4991735537190083,20.166666666666668,3.174468085106383,6.716666666666667,8.688657407407407,hard
0.5418933623503809,23.564102564102566,3.422735346358792,7.282051282051282,6.958452722063037,hard
0.46012931034482757,16.87272727272727,3.049426301853486,6.363636363636363,8.345399698340875,hard
0.4859913793103448,18.93877551020408,3.2183364839319473,6.1020408163265305,8.61698956780924,hard
0.5237633365664404,23.431818181818183,3.210970464135021,6.9772727272727275,7.529987760097919,hard
0.5325112107623319,18.97872340425532,3.3385063045586807,6.1063829787234045,8.897321428571429,hard
0.47770700636942676,20.47826086956522,3.3773584905660377,6.826086956521739,7.84593023255814,hard
0.4420946626384693,21.58695652173913,3.477195945945946,6.739130434782608,8.588317107093186,hard
0.5342066957787481,21.46875,3.160671462829736,7.125,7.82258064516129,hard
0.576271186440678,24.583333333333332,3.7731958762886597,6.791666666666667,8.808962264150944,hard
0.5008403361344538,17.5,3.28099173553719,6.088235294117647,8.809090909090909,hard
0.5042462845010616,21.40909090909091,3.3004444444444445,6.636363636363637,9.285511363636363,hard
0.48234280792420325,23.22,3.4282544378698225,7.32,8.726846424384526,hard
0.46055979643765904,19.65,3.0857787810383748,6.75,8.571917808219178,hard
0.5063424947145877,20.565217391304348,3.2156521739130435,7.1521739130434785,8.244925575101488,hard
0.5182389937106918,29.444444444444443,3.619506966773848,8.592592592592593,8.427574171029669,hard
